Дата;Канал;Выручка;Заказы;Расходы
2026-09-01;Органический поиск;98000;40;10800
2026-09-01;Прямая реклама;58800;28;23520
2026-09-01;Социальные сети;33300;18;10620
2026-09-02;Органический поиск;100450;41;11070
2026-09-02;Прямая реклама;60900;29;24360
2026-09-02;Социальные сети;35150;19;11210
2026-09-03;Органический поиск;98000;40;10800
2026-09-03;Прямая реклама;58800;28;23520
2026-09-03;Социальные сети;33300;18;10620
2026-09-04;Органический поиск;85750;35;9450
2026-09-04;Прямая реклама;52500;25;21000
2026-09-04;Социальные сети;29600;16;9440
2026-09-05;Органический поиск;73500;30;8100
2026-09-05;Прямая реклама;44100;21;17640
2026-09-05;Социальные сети;24050;13;7670
2026-09-06;Органический поиск;63700;26;7020
2026-09-06;Прямая реклама;39900;19;15960
2026-09-06;Социальные сети;22200;12;7080
2026-09-07;Органический поиск;66150;27;7290
2026-09-07;Прямая реклама;39900;19;15960
2026-09-07;Социальные сети;22200;12;7080
2026-09-08;Органический поиск;73500;30;8100
2026-09-08;Прямая реклама;44100;21;17640
2026-09-08;Социальные сети;24050;13;7670
2026-09-09;Органический поиск;83300;34;9180
2026-09-09;Прямая реклама;50400;24;20160
2026-09-09;Социальные сети;27750;15;8850
2026-09-10;Органический поиск;90650;37;9990
2026-09-10;Прямая реклама;54600;26;21840
2026-09-10;Социальные сети;31450;17;10030
2026-09-11;Органический поиск;93100;38;10260
2026-09-11;Прямая реклама;56700;27;22680
2026-09-11;Социальные сети;31450;17;10030
2026-09-12;Органический поиск;85750;35;9450
2026-09-12;Прямая реклама;52500;25;21000
2026-09-12;Социальные сети;29600;16;9440
2026-09-13;Органический поиск;78400;32;8640
2026-09-13;Прямая реклама;48300;23;19320
2026-09-13;Социальные сети;27750;15;8850
2026-09-14;Органический поиск;73500;30;8100
2026-09-14;Прямая реклама;44100;21;17640
2026-09-14;Социальные сети;25900;14;8260
2026-09-15;Органический поиск;75950;31;8370
2026-09-15;Прямая реклама;46200;22;18480
2026-09-15;Социальные сети;25900;14;8260
2026-09-16;Органический поиск;88200;36;9720
2026-09-16;Прямая реклама;52500;25;21000
2026-09-16;Социальные сети;29600;16;9440
2026-09-17;Органический поиск;102900;42;11340
2026-09-17;Прямая реклама;63000;30;25200
2026-09-17;Социальные сети;35150;19;11210
2026-09-18;Органический поиск;115150;47;12690
2026-09-18;Прямая реклама;69300;33;27720
2026-09-18;Социальные сети;38850;21;12390
2026-09-19;Органический поиск;120050;49;13230
2026-09-19;Прямая реклама;73500;35;29400
2026-09-19;Социальные сети;40700;22;12980
2026-09-20;Органический поиск;117600;48;12960
2026-09-20;Прямая реклама;71400;34;28560
2026-09-20;Социальные сети;40700;22;12980
2026-09-21;Органический поиск;107800;44;11880
2026-09-21;Прямая реклама;65100;31;26040
2026-09-21;Социальные сети;37000;20;11800
2026-09-22;Органический поиск;98000;40;10800
2026-09-22;Прямая реклама;58800;28;23520
2026-09-22;Социальные сети;33300;18;10620
2026-09-23;Органический поиск;93100;38;10260
2026-09-23;Прямая реклама;56700;27;22680
2026-09-23;Социальные сети;31450;17;10030
2026-09-24;Органический поиск;95550;39;10530
2026-09-24;Прямая реклама;56700;27;22680
2026-09-24;Социальные сети;31450;17;10030
2026-09-25;Органический поиск;102900;42;11340
2026-09-25;Прямая реклама;63000;30;25200
2026-09-25;Социальные сети;35150;19;11210
2026-09-26;Органический поиск;110250;45;12150
2026-09-26;Прямая реклама;67200;32;26880
2026-09-26;Социальные сети;38850;21;12390
2026-09-27;Органический поиск;115150;47;12690
2026-09-27;Прямая реклама;69300;33;27720
2026-09-27;Социальные сети;38850;21;12390
2026-09-28;Органический поиск;112700;46;12420
2026-09-28;Прямая реклама;67200;32;26880
2026-09-28;Социальные сети;38850;21;12390